{"freq": 1420400000.0, "srate": 20833333.333333332, "fft_size": 32, "decimation_factor": 250, "t_sample": 0.000384, "n_chans": 2, "run_mode": "pulsar", "target": "J0332+5434", "az": 18.21533203125, "alt": 13.55712890625, "run_type": "Transit", "RA": 53.00005306528686, "dec": 54.51281411952739, "gLon": 144.91585213185144, "gLat": -1.3570796519400674, "vlsr": 1.5274829884795176, "t_start": 1732386712.4703999, "run_time": 2701.001919031143}