{"freq": 1420400000.0, "srate": 20833333.333333332, "fft_size": 32, "decimation_factor": 250, "t_sample": 0.000384, "n_chans": 2, "run_mode": "pulsar", "target": "J1921+2153", "az": 197.7978515625, "alt": 65.76416015625, "run_type": "Transit", "RA": -69.75546110743096, "dec": 21.909613637879847, "gLon": 55.716348851539884, "gLat": 3.670207382667035, "vlsr": 1.1829689466504867, "t_start": 1732394648.171555, "run_time": 7200.002723932266}