{"freq": 1420400000.0, "srate": 20833333.333333332, "fft_size": 32, "decimation_factor": 250, "t_sample": 0.000384, "n_chans": 2, "run_mode": "pulsar", "target": "J0332+5434", "az": 313.48388671875, "alt": 37.19970703125, "run_type": "Transit", "RA": 52.891043406194875, "dec": 54.52983217816771, "gLon": 144.85423769961682, "gLat": -1.3794052242868302, "t_start": 1722017054.4121804, "run_time": 3600.0011842250824}