{"freq": 1420400000.0, "srate": 20833333.333333332, "fft_size": 32, "decimation_factor": 250, "t_sample": 0.000384, "n_chans": 2, "run_mode": "pulsar", "target": "J0332+5434", "az": 29.46533203125, "alt": 19.6435546875, "run_type": "Transit", "RA": 52.88270384981215, "dec": 54.50629565194413, "gLon": 144.86374810284846, "gLat": -1.401473427270723, "vlsr": 1.529324318655306, "t_start": 1732391821.5659876, "run_time": 2001.0017840862274}