{"freq": 1418500000.0, "srate": 8928571.42857143, "fft_size": 2048, "decimation_factor": 10000, "t_sample": 2.29376, "n_chans": 2, "run_mode": "doppler", "target": "CygnusA", "az": 179.97802734375, "alt": 85.3857421875, "run_type": "Transit", "RA": -75.13197296826951, "dec": 40.70183395940444, "gLon": 70.95811451821514, "gLat": 15.885133224765184, "t_start": 1719897694.02379, "run_time": 7198.7090129852295}