{"freq": 1418500000.0, "srate": 8928571.42857143, "fft_size": 2048, "decimation_factor": 10000, "t_sample": 2.29376, "n_chans": 2, "run_mode": "doppler", "target": "CygnusA", "az": 179.97802734375, "alt": 85.3857421875, "run_type": "Transit", "RA": -75.11486311668631, "dec": 40.701902433405536, "gLon": 70.96331359169562, "gLat": 15.87316451740025, "t_start": 1719811534.005407, "run_time": 7198.7090764045715}