{"freq": 1418500000.0, "srate": 8928571.42857143, "fft_size": 2048, "decimation_factor": 10000, "t_sample": 2.29376, "n_chans": 2, "run_mode": "doppler", "target": "CygnusA", "az": 180.02197265625, "alt": 85.36376953125, "run_type": "Transit", "RA": -67.69581353107111, "dec": 40.661609362038135, "gLon": 73.32412368695294, "gLat": 10.738708816949167, "t_start": 1721708921.7656949, "run_time": 3598.7092530727386}