{"freq": 1420400000.0, "srate": 4166666.6666666665, "fft_size": 2048, "decimation_factor": 10000, "t_sample": 4.9152000000000005, "n_chans": 2, "run_mode": "doppler", "target": "DriftScan", "az": 179.97802734375, "alt": 46.73583984375, "run_type": "Transit", "RA": 108.60325794451879, "dec": 2.1120029192690377, "gLon": 213.66975956094163, "gLat": 6.074061369500047, "t_start": 1720631007.5435863, "run_time": 596.0890038013458, "vlsr": -16.68077564549145}