{"freq": 1420400000.0, "srate": 4166666.6666666665, "fft_size": 2048, "decimation_factor": 10000, "t_sample": 4.9152000000000005, "n_chans": 2, "run_mode": "doppler", "target": "DriftScan", "az": 179.97802734375, "alt": 46.73583984375, "run_type": "Transit", "RA": 154.93461515708762, "dec": 2.192887604906275, "gLon": 240.84503439294903, "gLat": 45.969643003787944, "t_start": 1720642096.368878, "run_time": 596.0885770320892, "vlsr": -28.508060174198274}