{"freq": 1420400000.0, "srate": 4166666.6666666665, "fft_size": 2048, "decimation_factor": 10000, "t_sample": 4.9152000000000005, "n_chans": 2, "run_mode": "doppler", "target": "DriftScan", "az": 180.0, "alt": 46.73583984375, "run_type": "Transit", "RA": 98.16782937736401, "dec": 2.087837840838517, "gLon": 208.92911060276637, "gLat": -3.2179617100936246, "t_start": 1720628513.4898121, "run_time": 596.0888795852661, "vlsr": -12.10569330449988}