{"freq": 1420400000.0, "srate": 4166666.6666666665, "fft_size": 2048, "decimation_factor": 10000, "t_sample": 4.9152000000000005, "n_chans": 2, "run_mode": "doppler", "target": "DriftScan", "az": 179.97802734375, "alt": 46.73583984375, "run_type": "Transit", "RA": -89.75639070319937, "dec": 2.071830587447058, "gLon": 28.981102678058626, "gLat": 12.165914727451153, "t_start": 1720583531.3953788, "run_time": 596.0891160964966, "vlsr": 9.556580358813445}