{"freq": 1420400000.0, "srate": 4166666.6666666665, "fft_size": 2048, "decimation_factor": 10000, "t_sample": 4.9152000000000005, "n_chans": 2, "run_mode": "doppler", "target": "DriftScan", "az": 179.97802734375, "alt": 46.73583984375, "run_type": "Transit", "RA": -7.340863705062304, "dec": 1.9357080720943758, "gLon": 85.91882821124725, "gLat": -55.021467865513905, "t_start": 1720603258.1897717, "run_time": 595.0889949798584, "vlsr": 29.45625780223112}