{"freq": 1420400000.0, "srate": 4166666.6666666665, "fft_size": 2048, "decimation_factor": 10000, "t_sample": 4.9152000000000005, "n_chans": 2, "run_mode": "doppler", "target": "DriftScan", "az": 179.9560546875, "alt": 46.7138671875, "run_type": "Transit", "RA": -151.50411793045376, "dec": 2.169022522702728, "gLon": 336.54998216045016, "gLat": 60.890878752440045, "t_start": 1720568748.4065263, "run_time": 596.0886979103088, "vlsr": -19.919103378762664}