{"freq": 1420400000.0, "srate": 4166666.6666666665, "fft_size": 2048, "decimation_factor": 10000, "t_sample": 4.9152000000000005, "n_chans": 2, "run_mode": "doppler", "target": "DriftScan", "az": 179.9560546875, "alt": 46.73583984375, "run_type": "Transit", "RA": -79.44684227113629, "dec": 2.0474551937231817, "gLon": 33.7041239997375, "gLat": 2.985493489439727, "t_start": 1720585996.2376127, "run_time": 595.0888433456421, "vlsr": 14.418423920492984}