{"freq": 1420400000.0, "srate": 4166666.6666666665, "fft_size": 2048, "decimation_factor": 10000, "t_sample": 4.9152000000000005, "n_chans": 2, "run_mode": "doppler", "target": "DriftScan", "az": 179.97802734375, "alt": 46.73583984375, "run_type": "Transit", "RA": -174.18942967096325, "dec": 2.2060298876979925, "gLon": 286.58011141384685, "gLat": 64.17896214049722, "t_start": 1720649487.2866645, "run_time": 595.0883808135986, "vlsr": -26.449977547000334}