{"freq": 1420400000.0, "srate": 4166666.6666666665, "fft_size": 2048, "decimation_factor": 10000, "t_sample": 4.9152000000000005, "n_chans": 2, "run_mode": "doppler", "target": "DriftScan", "az": 179.97802734375, "alt": 46.7138671875, "run_type": "Transit", "RA": -125.78288006580308, "dec": 2.1296375398533316, "gLon": 7.857190092385603, "gLat": 43.19693521335005, "t_start": 1720574908.3440056, "run_time": 596.0887265205383, "vlsr": -8.655541588363008}