{"freq": 1420400000.0, "srate": 4166666.6666666665, "fft_size": 2048, "decimation_factor": 10000, "t_sample": 4.9152000000000005, "n_chans": 2, "run_mode": "doppler", "target": "DriftScan", "az": 179.97802734375, "alt": 46.73583984375, "run_type": "Transit", "RA": -38.283640621578854, "dec": 1.9648267526581324, "gLon": 55.05732500715018, "gLat": -32.846900221197444, "t_start": 1720595852.245324, "run_time": 595.0888311862946, "vlsr": 28.033459421137998}