{"freq": 1420400000.0, "srate": 4166666.6666666665, "fft_size": 2048, "decimation_factor": 10000, "t_sample": 4.9152000000000005, "n_chans": 2, "run_mode": "doppler", "target": "DriftScan", "az": 179.97802734375, "alt": 46.73583984375, "run_type": "Transit", "RA": -51.15611334062487, "dec": 1.986610540204555, "gLon": 47.32281305732635, "gLat": -21.95547195584603, "t_start": 1720592771.076977, "run_time": 595.0890362262726, "vlsr": 25.034632503200996}