{"freq": 1420400000.0, "srate": 4166666.6666666665, "fft_size": 2048, "decimation_factor": 10000, "t_sample": 4.9152000000000005, "n_chans": 2, "run_mode": "doppler", "target": "DriftScan", "az": 179.97802734375, "alt": 46.7578125, "run_type": "Transit", "RA": 31.260940348787752, "dec": 1.9750716289527923, "gLon": 157.19735908964597, "gLat": -55.92083608830873, "t_start": 1720612496.3867967, "run_time": 596.0891404151917, "vlsr": 19.90923205403388}