{"freq": 1420400000.0, "srate": 4166666.6666666665, "fft_size": 2048, "decimation_factor": 10000, "t_sample": 4.9152000000000005, "n_chans": 2, "run_mode": "doppler", "target": "DriftScan", "az": 179.97802734375, "alt": 46.73583984375, "run_type": "Transit", "RA": 72.44948611747131, "dec": 2.0275353436956745, "gLon": 196.01402648379909, "gLat": -25.726974855917778, "t_start": 1720622355.2257264, "run_time": 595.0885963439941, "vlsr": 0.6105249060739624}