{"freq": 1420400000.0, "srate": 4166666.6666666665, "fft_size": 2048, "decimation_factor": 10000, "t_sample": 4.9152000000000005, "n_chans": 2, "run_mode": "doppler", "target": "DriftScan", "az": 179.97802734375, "alt": 46.73583984375, "run_type": "Transit", "RA": 85.3141147707572, "dec": 2.0573726533452232, "gLon": 202.8556723134428, "gLat": -14.581310605829062, "t_start": 1720625434.301201, "run_time": 595.0888833999634, "vlsr": -5.912713308777764}