{"freq": 1420400000.0, "srate": 4166666.6666666665, "fft_size": 2048, "decimation_factor": 10000, "t_sample": 4.9152000000000005, "n_chans": 2, "run_mode": "doppler", "target": "DriftScan", "az": 179.97802734375, "alt": 46.73583984375, "run_type": "Transit", "RA": 54.42479196156671, "dec": 1.9896706854840163, "gLon": 183.6475818779003, "gLat": -40.51567779144826, "t_start": 1720618040.5380864, "run_time": 596.0893168449402, "vlsr": 9.675106050837188}