{"freq": 1420400000.0, "srate": 4166666.6666666665, "fft_size": 2048, "decimation_factor": 10000, "t_sample": 4.9152000000000005, "n_chans": 2, "run_mode": "doppler", "target": "DriftScan", "az": 179.97802734375, "alt": 46.73583984375, "run_type": "Transit", "RA": -82.03553608435902, "dec": 2.0535320579660534, "gLon": 32.52952736802907, "gLat": 5.292112192840539, "t_start": 1720585380.099752, "run_time": 595.0887525081635, "vlsr": 13.233961318675657}