{"freq": 1420400000.0, "srate": 4166666.6666666665, "fft_size": 2048, "decimation_factor": 10000, "t_sample": 4.9152000000000005, "n_chans": 2, "run_mode": "doppler", "target": "DriftScan", "az": 179.97802734375, "alt": 46.73583984375, "run_type": "Transit", "RA": 67.30196079327607, "dec": 2.016118753421667, "gLon": 192.9075495106074, "gLat": -30.078340527460586, "t_start": 1720621122.3062243, "run_time": 596.0887742042542, "vlsr": 3.2389025950165333}