{"freq": 1420400000.0, "srate": 4166666.6666666665, "fft_size": 2048, "decimation_factor": 10000, "t_sample": 4.9152000000000005, "n_chans": 2, "run_mode": "doppler", "target": "DriftScan", "az": 179.97802734375, "alt": 46.7138671875, "run_type": "Transit", "RA": -156.66649028833353, "dec": 2.1742156551174783, "gLon": 326.60809564025584, "gLat": 63.10382215094895, "t_start": 1720567516.3078926, "run_time": 596.088876247406, "vlsr": -21.75579258433978}