{"freq": 1420400000.0, "srate": 4166666.6666666665, "fft_size": 2048, "decimation_factor": 10000, "t_sample": 4.9152000000000005, "n_chans": 2, "run_mode": "doppler", "target": "DriftScan", "az": 179.9560546875, "alt": 46.73583984375, "run_type": "Transit", "RA": -171.60068464241314, "dec": 2.2053630523654997, "gLon": 292.4500440213398, "gLat": 64.71341060239791, "t_start": 1720650102.7409997, "run_time": 596.0885298252106, "vlsr": -25.906872939866062}