{"freq": 1420400000.0, "srate": 4166666.6666666665, "fft_size": 2048, "decimation_factor": 10000, "t_sample": 4.9152000000000005, "n_chans": 2, "run_mode": "doppler", "target": "DriftScan", "az": 179.97802734375, "alt": 46.7578125, "run_type": "Transit", "RA": 36.408443396091904, "dec": 1.9817315310885089, "gLon": 164.60791975133117, "gLat": -53.09313376020336, "t_start": 1720613729.2562912, "run_time": 595.0889985561371, "vlsr": 17.852693865372068}