{"freq": 1420400000.0, "srate": 4166666.6666666665, "fft_size": 2048, "decimation_factor": 10000, "t_sample": 4.9152000000000005, "n_chans": 2, "run_mode": "doppler", "target": "DriftScan", "az": 179.97802734375, "alt": 46.7138671875, "run_type": "Transit", "RA": -166.96111236345524, "dec": 2.181505111695969, "gLon": 303.35696815978275, "gLat": 65.05266285247997, "t_start": 1720565052.5165255, "run_time": 596.0876531600952, "vlsr": -24.869729556477555}