{"freq": 1420400000.0, "srate": 4166666.6666666665, "fft_size": 2048, "decimation_factor": 10000, "t_sample": 4.9152000000000005, "n_chans": 2, "run_mode": "doppler", "target": "DriftScan", "az": 179.97802734375, "alt": 46.73583984375, "run_type": "Transit", "RA": -153.5834331289309, "dec": 2.1931897322155494, "gLon": 332.7388859733114, "gLat": 61.885360884675016, "t_start": 1720654419.0435047, "run_time": 595.0884866714478, "vlsr": -20.717017820516507}