{"freq": 1420400000.0, "srate": 4166666.6666666665, "fft_size": 2048, "decimation_factor": 10000, "t_sample": 4.9152000000000005, "n_chans": 2, "run_mode": "doppler", "target": "DriftScan", "az": 179.97802734375, "alt": 46.73583984375, "run_type": "Transit", "RA": -69.16741249880516, "dec": 2.0238772682688335, "gLon": 38.39413556023889, "gLat": -6.157863433111628, "t_start": 1720588459.4420743, "run_time": 596.0889003276825, "vlsr": 18.817868467614996}