{"freq": 1420400000.0, "srate": 4166666.6666666665, "fft_size": 2048, "decimation_factor": 10000, "t_sample": 4.9152000000000005, "n_chans": 2, "run_mode": "doppler", "target": "DriftScan", "az": 179.97802734375, "alt": 46.73583984375, "run_type": "Transit", "RA": 62.150257029216846, "dec": 2.00513157808141, "gLon": 189.49804590752328, "gLat": -34.343881637029284, "t_start": 1720619889.6038387, "run_time": 596.0890228748322, "vlsr": 5.848102976655728}