{"freq": 1420400000.0, "srate": 4166666.6666666665, "fft_size": 2048, "decimation_factor": 10000, "t_sample": 4.9152000000000005, "n_chans": 2, "run_mode": "doppler", "target": "DriftScan", "az": 179.97802734375, "alt": 46.73583984375, "run_type": "Transit", "RA": -66.59378127905035, "dec": 2.018180910429281, "gLon": 39.59372112627901, "gLat": -8.438166714278069, "t_start": 1720589076.247315, "run_time": 595.0889339447021, "vlsr": 19.832422390003508}