{"freq": 1420400000.0, "srate": 4166666.6666666665, "fft_size": 2048, "decimation_factor": 10000, "t_sample": 4.9152000000000005, "n_chans": 2, "run_mode": "doppler", "target": "DriftScan", "az": 179.97802734375, "alt": 46.73583984375, "run_type": "Transit", "RA": -169.03791108954533, "dec": 2.204419523386251, "gLon": 298.44018071308636, "gLat": 65.00995755095639, "t_start": 1720650719.5305436, "run_time": 596.0884630680084, "vlsr": -25.316582464642153}