{"freq": 1420400000.0, "srate": 4166666.6666666665, "fft_size": 2048, "decimation_factor": 10000, "t_sample": 4.9152000000000005, "n_chans": 2, "run_mode": "doppler", "target": "DriftScan", "az": 179.9560546875, "alt": 46.7578125, "run_type": "Transit", "RA": 2.9648934956269266, "dec": 1.9564149452317678, "gLon": 103.21990669037076, "gLat": -59.392119593555904, "t_start": 1720605720.4397433, "run_time": 596.0890161991119, "vlsr": 28.06286138549117}