{"freq": 1420400000.0, "srate": 4166666.6666666665, "fft_size": 2048, "decimation_factor": 10000, "t_sample": 4.9152000000000005, "n_chans": 2, "run_mode": "doppler", "target": "DriftScan", "az": 179.97802734375, "alt": 46.73583984375, "run_type": "Transit", "RA": 57.00273208778239, "dec": 1.99468026398544, "gLon": 185.7136008765306, "gLat": -38.491450001785566, "t_start": 1720618657.423465, "run_time": 596.0893187522888, "vlsr": 8.412953663941419}