{"freq": 1420400000.0, "srate": 4166666.6666666665, "fft_size": 2048, "decimation_factor": 10000, "t_sample": 4.9152000000000005, "n_chans": 2, "run_mode": "doppler", "target": "DriftScan", "az": 179.97802734375, "alt": 46.73583984375, "run_type": "Transit", "RA": -161.3085687032412, "dec": 2.1999794582799193, "gLon": 316.5498938051207, "gLat": 64.4531757721252, "t_start": 1720652569.3475108, "run_time": 596.0883853435516, "vlsr": -23.230342032877505}