{"freq": 1420400000.0, "srate": 4166666.6666666665, "fft_size": 2048, "decimation_factor": 10000, "t_sample": 4.9152000000000005, "n_chans": 2, "run_mode": "doppler", "target": "DriftScan", "az": 179.9560546875, "alt": 46.73583984375, "run_type": "Transit", "RA": -35.69489772397327, "dec": 1.9610623518571777, "gLon": 56.839793061937584, "gLat": -34.9696286820972, "t_start": 1720596468.1658037, "run_time": 595.0888562202454, "vlsr": 28.473566519637405}