{"freq": 1420400000.0, "srate": 4166666.6666666665, "fft_size": 2048, "decimation_factor": 10000, "t_sample": 4.9152000000000005, "n_chans": 2, "run_mode": "doppler", "target": "DriftScan", "az": 179.97802734375, "alt": 46.7138671875, "run_type": "Transit", "RA": -154.09284213653837, "dec": 2.1717486887706174, "gLon": 331.7435955261709, "gLat": 62.088004650507514, "t_start": 1720568132.5388677, "run_time": 596.0887980461121, "vlsr": -20.86169368653367}