{"freq": 1420400000.0, "srate": 4166666.6666666665, "fft_size": 2048, "decimation_factor": 10000, "t_sample": 4.9152000000000005, "n_chans": 2, "run_mode": "doppler", "target": "DriftScan", "az": 179.9560546875, "alt": 46.7138671875, "run_type": "Transit", "RA": -115.47332731158403, "dec": 2.1087782127049777, "gLon": 15.251654896381464, "gLat": 34.638777550808825, "t_start": 1720577373.2615125, "run_time": 595.0886647701263, "vlsr": -3.496305233297221}