{"freq": 1420400000.0, "srate": 4166666.6666666665, "fft_size": 2048, "decimation_factor": 10000, "t_sample": 4.9152000000000005, "n_chans": 2, "run_mode": "doppler", "target": "DriftScan", "az": 179.97802734375, "alt": 46.73583984375, "run_type": "Transit", "RA": 77.59701035623583, "dec": 2.039297958635235, "gLon": 198.8838792815971, "gLat": -21.306047112937936, "t_start": 1720623586.4145768, "run_time": 596.0886452198029, "vlsr": -2.0179500968448316}