{"freq": 1420400000.0, "srate": 4166666.6666666665, "fft_size": 2048, "decimation_factor": 10000, "t_sample": 4.9152000000000005, "n_chans": 2, "run_mode": "doppler", "target": "DriftScan", "az": 179.97802734375, "alt": 46.73583984375, "run_type": "Transit", "RA": 136.9185753137965, "dec": 2.16850490771212, "gLon": 227.91174751504403, "gLat": 31.019686881798915, "t_start": 1720637784.5620654, "run_time": 596.0887496471405, "vlsr": -25.863145822152884}