{"freq": 1420400000.0, "srate": 4166666.6666666665, "fft_size": 2048, "decimation_factor": 10000, "t_sample": 4.9152000000000005, "n_chans": 2, "run_mode": "doppler", "target": "DriftScan", "az": 179.97802734375, "alt": 46.7138671875, "run_type": "Transit", "RA": -133.50375185259443, "dec": 2.1435813295869828, "gLon": 0.917568835392313, "gLat": 49.24524419272453, "t_start": 1720573060.4678726, "run_time": 596.0886869430542, "vlsr": -12.33711454261413}