{"freq": 1420400000.0, "srate": 4166666.6666666665, "fft_size": 2048, "decimation_factor": 10000, "t_sample": 4.9152000000000005, "n_chans": 2, "run_mode": "doppler", "target": "DriftScan", "az": 179.97802734375, "alt": 46.73583984375, "run_type": "Transit", "RA": 178.09371305079387, "dec": 2.2063911269435836, "gLon": 270.85358501940556, "gLat": 61.3439174893246, "t_start": 1720647640.213326, "run_time": 595.0885090827942, "vlsr": -27.740167604480046}