{"freq": 1420400000.0, "srate": 4166666.6666666665, "fft_size": 2048, "decimation_factor": 10000, "t_sample": 4.9152000000000005, "n_chans": 2, "run_mode": "doppler", "target": "DriftScan", "az": 179.9560546875, "alt": 46.73583984375, "run_type": "Transit", "RA": -2.1783589936697467, "dec": 1.9345208743295348, "gLon": 94.0537670941208, "gLat": -57.52518023366283, "t_start": 1720604490.190985, "run_time": 595.0890307426453, "vlsr": 28.86997580752713}