{"freq": 1420400000.0, "srate": 4166666.6666666665, "fft_size": 2048, "decimation_factor": 10000, "t_sample": 4.9152000000000005, "n_chans": 2, "run_mode": "doppler", "target": "DriftScan", "az": 179.97802734375, "alt": 46.73583984375, "run_type": "Transit", "RA": -40.86148472250562, "dec": 1.9687956063671055, "gLon": 53.36969339965709, "gLat": -30.706862598479347, "t_start": 1720595234.5523574, "run_time": 596.0889642238617, "vlsr": 27.53963467195635}