{"freq": 1420400000.0, "srate": 4166666.6666666665, "fft_size": 2048, "decimation_factor": 10000, "t_sample": 4.9152000000000005, "n_chans": 2, "run_mode": "doppler", "target": "DriftScan", "az": 179.9560546875, "alt": 46.73583984375, "run_type": "Transit", "RA": -64.00507457258124, "dec": 2.012563659001907, "gLon": 40.81850795592756, "gLat": -10.726139773931672, "t_start": 1720589691.521711, "run_time": 596.088880777359, "vlsr": 20.813741407144114}