{"freq": 1420400000.0, "srate": 4166666.6666666665, "fft_size": 2048, "decimation_factor": 10000, "t_sample": 4.9152000000000005, "n_chans": 2, "run_mode": "doppler", "target": "DriftScan", "az": 179.97802734375, "alt": 46.7138671875, "run_type": "Transit", "RA": -141.2246420056445, "dec": 2.155800728221283, "gLon": 352.1789925607165, "gLat": 54.79296362856038, "t_start": 1720571212.6386669, "run_time": 596.0887677669525, "vlsr": -15.788419526052714}