{"freq": 1420400000.0, "srate": 4166666.6666666665, "fft_size": 2048, "decimation_factor": 10000, "t_sample": 4.9152000000000005, "n_chans": 2, "run_mode": "doppler", "target": "DriftScan", "az": 179.97802734375, "alt": 46.73583984375, "run_type": "Transit", "RA": -27.993117211631898, "dec": 1.9511866523515882, "gLon": 62.7720337570213, "gLat": -41.09175347225986, "t_start": 1720598314.6600153, "run_time": 596.0890030860901, "vlsr": 29.44297407057298}