{"freq": 1420400000.0, "srate": 4166666.6666666665, "fft_size": 2048, "decimation_factor": 10000, "t_sample": 4.9152000000000005, "n_chans": 2, "run_mode": "doppler", "target": "DriftScan", "az": 179.97802734375, "alt": 46.73583984375, "run_type": "Transit", "RA": 41.55599242759207, "dec": 1.9672982660949507, "gLon": 171.05068296071718, "gLat": -49.86804141135817, "t_start": 1720614961.1520617, "run_time": 595.089369058609, "vlsr": 15.652314029242445}