{"freq": 1420400000.0, "srate": 4166666.6666666665, "fft_size": 2048, "decimation_factor": 10000, "t_sample": 4.9152000000000005, "n_chans": 2, "run_mode": "doppler", "target": "DriftScan", "az": 179.97802734375, "alt": 46.73583984375, "run_type": "Transit", "RA": -20.272051643318207, "dec": 1.9434522779075754, "gLon": 69.94422181921341, "gLat": -46.836079571500825, "t_start": 1720600162.3283114, "run_time": 596.0889101028442, "vlsr": 29.892448085056454}