{"freq": 1420400000.0, "srate": 4166666.6666666665, "fft_size": 2048, "decimation_factor": 10000, "t_sample": 4.9152000000000005, "n_chans": 2, "run_mode": "doppler", "target": "DriftScan", "az": 179.97802734375, "alt": 46.7578125, "run_type": "Transit", "RA": -4.771328680336751, "dec": 1.9569628125984855, "gLon": 89.85190265490017, "gLat": -56.31687691307622, "t_start": 1720603873.8581169, "run_time": 595.0891811847687, "vlsr": 29.19823468302848}