{"freq": 1420400000.0, "srate": 4166666.6666666665, "fft_size": 2048, "decimation_factor": 10000, "t_sample": 4.9152000000000005, "n_chans": 2, "run_mode": "doppler", "target": "DriftScan", "az": 179.97802734375, "alt": 46.73583984375, "run_type": "Transit", "RA": -166.4600676975781, "dec": 2.20320620167751, "gLon": 304.5450037207355, "gLat": 65.066431024792, "t_start": 1720651336.545612, "run_time": 596.0884120464325, "vlsr": -24.670936235474052}