{"freq": 1420400000.0, "srate": 4166666.6666666665, "fft_size": 2048, "decimation_factor": 10000, "t_sample": 4.9152000000000005, "n_chans": 2, "run_mode": "doppler", "target": "DriftScan", "az": 179.97802734375, "alt": 46.73583984375, "run_type": "Transit", "RA": 8.097290570961846, "dec": 1.935422598929523, "gLon": 113.20827700378096, "gLat": -60.57619667124509, "t_start": 1720606953.1229465, "run_time": 595.0890033245087, "vlsr": 27.027433637373363}