{"freq": 1420400000.0, "srate": 4166666.6666666665, "fft_size": 2048, "decimation_factor": 10000, "t_sample": 4.9152000000000005, "n_chans": 2, "run_mode": "doppler", "target": "DriftScan", "az": 179.97802734375, "alt": 46.73583984375, "run_type": "Transit", "RA": -22.845743921581573, "dec": 1.945780632159589, "gLon": 67.39195202489837, "gLat": -44.97500545367518, "t_start": 1720599546.4304316, "run_time": 596.0890123844147, "vlsr": 29.801430728577245}