{"freq": 1420400000.0, "srate": 4166666.6666666665, "fft_size": 2048, "decimation_factor": 10000, "t_sample": 4.9152000000000005, "n_chans": 2, "run_mode": "doppler", "target": "DriftScan", "az": 179.97802734375, "alt": 46.73583984375, "run_type": "Transit", "RA": -25.419432449679448, "dec": 1.9483604924780902, "gLon": 65.00668055066193, "gLat": -43.05795693149149, "t_start": 1720598930.4952564, "run_time": 596.0891344547272, "vlsr": 29.65150940642011}