{"freq": 1420400000.0, "srate": 4166666.6666666665, "fft_size": 2048, "decimation_factor": 10000, "t_sample": 4.9152000000000005, "n_chans": 2, "run_mode": "doppler", "target": "DriftScan", "az": 179.97802734375, "alt": 46.7138671875, "run_type": "Transit", "RA": -130.93012606387487, "dec": 2.1391131185657826, "gLon": 3.3997682040400097, "gLat": 47.27421256492722, "t_start": 1720573677.2646275, "run_time": 595.0886905193329, "vlsr": -11.132318409197682}