{"freq": 1420400000.0, "srate": 4166666.6666666665, "fft_size": 2048, "decimation_factor": 10000, "t_sample": 4.9152000000000005, "n_chans": 2, "run_mode": "doppler", "target": "DriftScan", "az": 179.97802734375, "alt": 46.73583984375, "run_type": "Transit", "RA": 165.2252568213777, "dec": 2.201533621069914, "gLon": 251.49323831060403, "gLat": 53.64877185933801, "t_start": 1720644559.535102, "run_time": 596.0886108875275, "vlsr": -28.751955954064528}