{"freq": 1420400000.0, "srate": 4166666.6666666665, "fft_size": 2048, "decimation_factor": 10000, "t_sample": 4.9152000000000005, "n_chans": 2, "run_mode": "doppler", "target": "DriftScan", "az": 179.97802734375, "alt": 46.73583984375, "run_type": "Transit", "RA": 20.96598018803159, "dec": 1.942651508890028, "gLon": 139.25159816730405, "gLat": -59.89768491822806, "t_start": 1720610032.472099, "run_time": 596.0890595912933, "vlsr": 23.535900468461378}