{"freq": 1420400000.0, "srate": 4166666.6666666665, "fft_size": 2048, "decimation_factor": 10000, "t_sample": 4.9152000000000005, "n_chans": 2, "run_mode": "doppler", "target": "DriftScan", "az": 179.97802734375, "alt": 46.73583984375, "run_type": "Transit", "RA": -56.303407375434176, "dec": 1.9965696380393154, "gLon": 44.6130719083577, "gLat": -17.48771456945981, "t_start": 1720591538.4787972, "run_time": 596.088986158371, "vlsr": 23.480468609620775}