{"freq": 1420400000.0, "srate": 4166666.6666666665, "fft_size": 2048, "decimation_factor": 10000, "t_sample": 4.9152000000000005, "n_chans": 2, "run_mode": "doppler", "target": "DriftScan", "az": 179.97802734375, "alt": 46.73583984375, "run_type": "Transit", "RA": 111.17700684840447, "dec": 2.117781041156269, "gLon": 214.8450307444313, "gLat": 8.366645546045534, "t_start": 1720631623.3712356, "run_time": 596.0889649391174, "vlsr": -17.727183825364783}