{"freq": 1420400000.0, "srate": 4166666.6666666665, "fft_size": 2048, "decimation_factor": 10000, "t_sample": 4.9152000000000005, "n_chans": 2, "run_mode": "doppler", "target": "DriftScan", "az": 179.97802734375, "alt": 46.73583984375, "run_type": "Transit", "RA": 0.37611008819551084, "dec": 1.934331930729422, "gLon": 98.47515395084045, "gLat": -58.54620431349279, "t_start": 1720605104.6323752, "run_time": 596.0890526771545, "vlsr": 28.49465064868235}