{"freq": 1420400000.0, "srate": 4166666.6666666665, "fft_size": 2048, "decimation_factor": 10000, "t_sample": 4.9152000000000005, "n_chans": 2, "run_mode": "doppler", "target": "DriftScan", "az": 179.97802734375, "alt": 46.73583984375, "run_type": "Transit", "RA": 162.65573438095356, "dec": 2.1997612303231207, "gLon": 248.51134000550385, "gLat": 51.82257716120756, "t_start": 1720643945.2227464, "run_time": 595.0885479450226, "vlsr": -28.77909527470016}