{"freq": 1420400000.0, "srate": 4166666.6666666665, "fft_size": 2048, "decimation_factor": 10000, "t_sample": 4.9152000000000005, "n_chans": 2, "run_mode": "doppler", "target": "DriftScan", "az": 179.97802734375, "alt": 46.73583984375, "run_type": "Transit", "RA": 75.02324842607884, "dec": 2.0333792721374824, "gLon": 197.47502064480645, "gLat": -23.52414824191943, "t_start": 1720622970.6186144, "run_time": 596.0885772705078, "vlsr": -0.7050142340508518}