{"freq": 1420400000.0, "srate": 4166666.6666666665, "fft_size": 2048, "decimation_factor": 10000, "t_sample": 4.9152000000000005, "n_chans": 2, "run_mode": "doppler", "target": "DriftScan", "az": 180.0, "alt": 46.7138671875, "run_type": "Transit", "RA": -161.82887430504218, "dec": 2.1783928637772525, "gLon": 315.3569147122754, "gLat": 64.53636779637577, "t_start": 1720566285.1167197, "run_time": 595.0876486301422, "vlsr": -23.413212399792265}