{"freq": 1420400000.0, "srate": 4166666.6666666665, "fft_size": 2048, "decimation_factor": 10000, "t_sample": 4.9152000000000005, "n_chans": 2, "run_mode": "doppler", "target": "DriftScan", "az": 179.97802734375, "alt": 46.7138671875, "run_type": "Transit", "RA": -159.24014133582227, "dec": 2.1764289832309465, "gLon": 321.1411662008714, "gLat": 63.92528797730883, "t_start": 1720566900.3326273, "run_time": 596.088360786438, "vlsr": -22.605315035387704}