{"freq": 1420400000.0, "srate": 4166666.6666666665, "fft_size": 2048, "decimation_factor": 10000, "t_sample": 4.9152000000000005, "n_chans": 2, "run_mode": "doppler", "target": "DriftScan", "az": 179.97802734375, "alt": 46.73583984375, "run_type": "Transit", "RA": 100.75665744597971, "dec": 2.093919515853976, "gLon": 210.10927213811468, "gLat": -0.9152756768483328, "t_start": 1720629129.3143673, "run_time": 596.0888295173645, "vlsr": -13.285745709123225}