{"freq": 1420400000.0, "srate": 4166666.6666666665, "fft_size": 2048, "decimation_factor": 10000, "t_sample": 4.9152000000000005, "n_chans": 2, "run_mode": "doppler", "target": "DriftScan", "az": 179.97802734375, "alt": 46.73583984375, "run_type": "Transit", "RA": 167.79895431415775, "dec": 2.2030446334028078, "gLon": 254.73947026804166, "gLat": 55.40015452890452, "t_start": 1720645175.4183156, "run_time": 596.0886726379395, "vlsr": -28.666060302601924}