{"freq": 1420400000.0, "srate": 4166666.6666666665, "fft_size": 2048, "decimation_factor": 10000, "t_sample": 4.9152000000000005, "n_chans": 2, "run_mode": "doppler", "target": "DriftScan", "az": 179.97802734375, "alt": 46.73583984375, "run_type": "Transit", "RA": 121.47198602876864, "dec": 2.1398246827635847, "gLon": 219.688670413085, "gLat": 17.51056635617374, "t_start": 1720634087.6203861, "run_time": 596.0890672206879, "vlsr": -21.525213916575616}