{"freq": 1420400000.0, "srate": 4166666.6666666665, "fft_size": 2048, "decimation_factor": 10000, "t_sample": 4.9152000000000005, "n_chans": 2, "run_mode": "doppler", "target": "DriftScan", "az": 179.97802734375, "alt": 46.73583984375, "run_type": "Transit", "RA": 103.33041065433225, "dec": 2.099916252860583, "gLon": 211.27732081687674, "gLat": 1.3762822299365995, "t_start": 1720629745.3333888, "run_time": 596.089105129242, "vlsr": -14.431048352812157}