{"freq": 1420400000.0, "srate": 4166666.6666666665, "fft_size": 2048, "decimation_factor": 10000, "t_sample": 4.9152000000000005, "n_chans": 2, "run_mode": "doppler", "target": "DriftScan", "az": 179.9560546875, "alt": 46.73583984375, "run_type": "Transit", "RA": 23.554798888283056, "dec": 1.9449050714159335, "gLon": 144.13941069500976, "gLat": -59.15394025321583, "t_start": 1720610649.1954565, "run_time": 595.0893263816833, "vlsr": 22.687894128151044}