{"freq": 1420400000.0, "srate": 4166666.6666666665, "fft_size": 2048, "decimation_factor": 10000, "t_sample": 4.9152000000000005, "n_chans": 2, "run_mode": "doppler", "target": "DriftScan", "az": 179.97802734375, "alt": 46.73583984375, "run_type": "Transit", "RA": 113.75075418491846, "dec": 2.1234636322139115, "gLon": 216.03042937114728, "gLat": 10.657614680302892, "t_start": 1720632239.7288136, "run_time": 596.0889468193054, "vlsr": -18.736823474088883}