{"freq": 1420400000.0, "srate": 4166666.6666666665, "fft_size": 2048, "decimation_factor": 10000, "t_sample": 4.9152000000000005, "n_chans": 2, "run_mode": "doppler", "target": "DriftScan", "az": 179.97802734375, "alt": 46.73583984375, "run_type": "Transit", "RA": 69.87572354139888, "dec": 2.0217779650633014, "gLon": 194.4940456255018, "gLat": -27.912473118372, "t_start": 1720621738.4844239, "run_time": 596.0885553359985, "vlsr": 1.926057742139479}