{"freq": 1420400000.0, "srate": 4166666.6666666665, "fft_size": 2048, "decimation_factor": 10000, "t_sample": 4.9152000000000005, "n_chans": 2, "run_mode": "doppler", "target": "DriftScan", "az": 179.97802734375, "alt": 46.7138671875, "run_type": "Transit", "RA": -92.33005308037463, "dec": 2.0559575531719263, "gLon": 27.74978976085795, "gLat": 14.441826257540132, "t_start": 1720582915.2935224, "run_time": 596.0889706611633, "vlsr": 8.285587297238743}