{"freq": 1420400000.0, "srate": 4166666.6666666665, "fft_size": 2048, "decimation_factor": 10000, "t_sample": 4.9152000000000005, "n_chans": 2, "run_mode": "doppler", "target": "DriftScan", "az": 179.97802734375, "alt": 46.73583984375, "run_type": "Transit", "RA": 90.46163290909318, "dec": 2.06958093190798, "gLon": 205.3467126809951, "gLat": -10.048839394857044, "t_start": 1720626665.514672, "run_time": 596.0888545513153, "vlsr": -8.449605532066634}