{"freq": 1420400000.0, "srate": 4166666.6666666665, "fft_size": 2048, "decimation_factor": 10000, "t_sample": 4.9152000000000005, "n_chans": 2, "run_mode": "doppler", "target": "DriftScan", "az": 179.9560546875, "alt": 46.73583984375, "run_type": "Transit", "RA": 5.53863419812107, "dec": 1.9347941292996478, "gLon": 108.13325777201361, "gLat": -60.09288186691311, "t_start": 1720606336.550343, "run_time": 596.0889856815338, "vlsr": 27.568248957206322}