{"freq": 1420400000.0, "srate": 4166666.6666666665, "fft_size": 2048, "decimation_factor": 10000, "t_sample": 4.9152000000000005, "n_chans": 2, "run_mode": "doppler", "target": "DriftScan", "az": 179.97802734375, "alt": 46.73583984375, "run_type": "Transit", "RA": -33.13629738121898, "dec": 1.9575490262585564, "gLon": 58.698225991316775, "gLat": -37.03825130768058, "t_start": 1720597083.5276117, "run_time": 596.0888237953186, "vlsr": 28.852419086020312}