{"freq": 1420400000.0, "srate": 4166666.6666666665, "fft_size": 2048, "decimation_factor": 10000, "t_sample": 4.9152000000000005, "n_chans": 2, "run_mode": "doppler", "target": "DriftScan", "az": 179.9560546875, "alt": 46.73583984375, "run_type": "Transit", "RA": 46.718583336026676, "dec": 1.9757149267794747, "gLon": 176.6261930560318, "gLat": -46.294048116978, "t_start": 1720616193.261754, "run_time": 595.0898189544678, "vlsr": 13.328987569443253}