{"freq": 1420400000.0, "srate": 4166666.6666666665, "fft_size": 2048, "decimation_factor": 10000, "t_sample": 4.9152000000000005, "n_chans": 2, "run_mode": "doppler", "target": "DriftScan", "az": 179.97802734375, "alt": 46.73583984375, "run_type": "Transit", "RA": -61.44651102109867, "dec": 2.007115742344438, "gLon": 42.051095379134544, "gLat": -12.980750529421496, "t_start": 1720590307.3314257, "run_time": 596.0890746116638, "vlsr": 21.742705832616096}