{"freq": 1420400000.0, "srate": 4166666.6666666665, "fft_size": 2048, "decimation_factor": 10000, "t_sample": 4.9152000000000005, "n_chans": 2, "run_mode": "doppler", "target": "DriftScan", "az": 179.97802734375, "alt": 46.73583984375, "run_type": "Transit", "RA": 139.4923028210263, "dec": 2.1726442250603024, "gLon": 229.47195353053777, "gLat": 33.2262945330904, "t_start": 1720638400.3327513, "run_time": 596.0888035297394, "vlsr": -26.4077499792057}