{"freq": 1420400000.0, "srate": 4166666.6666666665, "fft_size": 2048, "decimation_factor": 10000, "t_sample": 4.9152000000000005, "n_chans": 2, "run_mode": "doppler", "target": "DriftScan", "az": 179.97802734375, "alt": 46.73583984375, "run_type": "Transit", "RA": 142.06602793683666, "dec": 2.17657733822813, "gLon": 231.10822283199548, "gLat": 35.414639765451945, "t_start": 1720639017.1571457, "run_time": 595.0887379646301, "vlsr": -26.898229235709188}