{"freq": 1420400000.0, "srate": 4166666.6666666665, "fft_size": 2048, "decimation_factor": 10000, "t_sample": 4.9152000000000005, "n_chans": 2, "run_mode": "doppler", "target": "DriftScan", "az": 179.97802734375, "alt": 46.73583984375, "run_type": "Transit", "RA": -97.47723703026412, "dec": 2.090103932418011, "gLon": 25.279143815272413, "gLat": 19.009680322840453, "t_start": 1720581684.0658824, "run_time": 595.0889596939087, "vlsr": 5.714099544544817}