{"freq": 1420400000.0, "srate": 4166666.6666666665, "fft_size": 2048, "decimation_factor": 10000, "t_sample": 4.9152000000000005, "n_chans": 2, "run_mode": "doppler", "target": "DriftScan", "az": 179.97802734375, "alt": 46.7578125, "run_type": "Transit", "RA": -179.33678938730102, "dec": 2.2285269503122764, "gLon": 275.73127641490663, "gLat": 62.49541764015789, "t_start": 1720648254.527036, "run_time": 596.0885198116302, "vlsr": -27.360418165745905}