{"freq": 1418500000.0, "srate": 8928571.42857143, "fft_size": 2048, "decimation_factor": 10000, "t_sample": 2.29376, "n_chans": 2, "run_mode": "doppler", "target": "Sun", "az": 180.0439453125, "alt": 64.6435546875, "run_type": "Transit", "RA": 106.51430231948196, "dec": 20.022491037065777, "gLon": 196.45055721128918, "gLat": 12.088803150210307, "t_start": 1721750657.0001116, "run_time": 7198.709456443787}