{"freq": 1418500000.0, "srate": 8928571.42857143, "fft_size": 2048, "decimation_factor": 10000, "t_sample": 2.29376, "n_chans": 2, "run_mode": "doppler", "target": "Sun", "az": 180.0, "alt": 67.67578125, "run_type": "Transit", "RA": 97.9545531790551, "dec": 23.036177162620625, "gLon": 190.20004088910412, "gLat": 6.22331127525913, "t_start": 1720283816.6984766, "run_time": 3597.707628250122}