{"freq": 1418500000.0, "srate": 8928571.42857143, "fft_size": 2048, "decimation_factor": 10000, "t_sample": 2.29376, "n_chans": 2, "run_mode": "doppler", "target": "Sun", "az": 179.97802734375, "alt": 67.67578125, "run_type": "Transit", "RA": 97.16177474275094, "dec": 23.034343677285452, "gLon": 189.86854394592382, "gLat": 5.57251225179815, "t_start": 1720197459.8536818, "run_time": 3598.7073159217834}