{"freq": 1418500000.0, "srate": 8928571.42857143, "fft_size": 2048, "decimation_factor": 10000, "t_sample": 2.29376, "n_chans": 2, "run_mode": "doppler", "target": "Sun", "az": 179.97802734375, "alt": 67.67578125, "run_type": "Transit", "RA": 96.0298336206754, "dec": 23.031711270747888, "gLon": 189.39036406709621, "gLat": 4.646063400454344, "t_start": 1720111024.7580657, "run_time": 3598.7073945999146}