{"freq": 1418500000.0, "srate": 8928571.42857143, "fft_size": 2048, "decimation_factor": 10000, "t_sample": 2.29376, "n_chans": 2, "run_mode": "doppler", "target": "Sun", "az": 180.0, "alt": 67.67578125, "run_type": "Transit", "RA": 94.93898387568247, "dec": 23.029162905894307, "gLon": 188.92395469143142, "gLat": 3.756421241543234, "t_start": 1720024602.5416842, "run_time": 3597.709014415741}