{"freq": 1418500000.0, "srate": 8928571.42857143, "fft_size": 2048, "decimation_factor": 10000, "t_sample": 2.29376, "n_chans": 2, "run_mode": "doppler", "target": "Sun", "az": 180.02197265625, "alt": 64.8193359375, "run_type": "Transit", "RA": 114.38992957872891, "dec": 20.215753282761774, "gLon": 199.35729874988783, "gLat": 18.935750581438246, "t_start": 1721666374.934157, "run_time": 3598.7087225914}