{"freq": 1420400000.0, "srate": 4166666.6666666665, "fft_size": 2048, "decimation_factor": 10000, "t_sample": 4.9152000000000005, "n_chans": 2, "run_mode": "doppler", "target": "DriftScan", "az": 179.97802734375, "alt": 46.73583984375, "run_type": "Transit", "RA": 93.03539064017038, "dec": 2.0756938072841833, "gLon": 206.55863384251205, "gLat": -7.772375188508263, "t_start": 1720627281.3124342, "run_time": 596.0890071392059}