{"freq": 1420400000.0, "srate": 4166666.6666666665, "fft_size": 2048, "decimation_factor": 10000, "t_sample": 4.9152000000000005, "n_chans": 2, "run_mode": "doppler", "target": "DriftScan", "az": 179.97802734375, "alt": 46.73583984375, "run_type": "Transit", "RA": -176.76310485991183, "dec": 2.2064245603023025, "gLon": 281.00620182435455, "gLat": 63.427739846207984, "t_start": 1720648870.3371956, "run_time": 596.08846616745}