{"freq": 1420400000.0, "srate": 4166666.6666666665, "fft_size": 2048, "decimation_factor": 10000, "t_sample": 4.9152000000000005, "n_chans": 2, "run_mode": "doppler", "target": "DriftScan", "az": 179.9560546875, "alt": 46.7138671875, "run_type": "Transit", "RA": -136.0623008711602, "dec": 2.1478393006197285, "gLon": 358.2532553107292, "gLat": 51.15047867940322, "t_start": 1720572444.6150324, "run_time": 596.0886545181274}