{"freq": 1420400000.0, "srate": 4166666.6666666665, "fft_size": 2048, "decimation_factor": 10000, "t_sample": 4.9152000000000005, "n_chans": 2, "run_mode": "doppler", "target": "DriftScan", "az": 179.97802734375, "alt": 46.73583984375, "run_type": "Transit", "RA": -71.74104132807241, "dec": 2.0296675570702205, "gLon": 37.208539575563734, "gLat": -3.8729985090156096, "t_start": 1720587843.5673368, "run_time": 596.0888833999634}