{"freq": 1420400000.0, "srate": 4166666.6666666665, "fft_size": 2048, "decimation_factor": 10000, "t_sample": 4.9152000000000005, "n_chans": 2, "run_mode": "doppler", "target": "DriftScan", "az": 179.97802734375, "alt": 46.73583984375, "run_type": "Transit", "RA": 147.2134707062514, "dec": 2.183793650467581, "gLon": 234.65190380485978, "gLat": 39.72509087461641, "t_start": 1720640248.353805, "run_time": 596.088611125946}