{"freq": 1420400000.0, "srate": 4166666.6666666665, "fft_size": 2048, "decimation_factor": 10000, "t_sample": 4.9152000000000005, "n_chans": 2, "run_mode": "doppler", "target": "DriftScan", "az": 180.0, "alt": 46.73583984375, "run_type": "Transit", "RA": 134.3297720170107, "dec": 2.1641397359735026, "gLon": 226.4097752017169, "gLat": 28.784174622796144, "t_start": 1720637168.431113, "run_time": 596.088858127594}