{"freq": 1420400000.0, "srate": 4166666.6666666665, "fft_size": 2048, "decimation_factor": 10000, "t_sample": 4.9152000000000005, "n_chans": 2, "run_mode": "doppler", "target": "DriftScan", "az": 179.97802734375, "alt": 46.7578125, "run_type": "Transit", "RA": -17.6398518816373, "dec": 1.9633219509417756, "gLon": 72.76812560213317, "gLat": -48.65737416517627, "t_start": 1720600792.7799497, "run_time": 596.0889763832092}