{"freq": 1420400000.0, "srate": 4166666.6666666665, "fft_size": 2048, "decimation_factor": 10000, "t_sample": 4.9152000000000005, "n_chans": 2, "run_mode": "doppler", "target": "DriftScan", "az": 179.97802734375, "alt": 46.73583984375, "run_type": "Transit", "RA": -53.72976196992613, "dec": 1.9915104738323348, "gLon": 45.947062634405114, "gLat": -19.727712325901244, "t_start": 1720592155.2467008, "run_time": 595.0890338420868}