{"freq": 1420400000.0, "srate": 4166666.6666666665, "fft_size": 2048, "decimation_factor": 10000, "t_sample": 4.9152000000000005, "n_chans": 2, "run_mode": "doppler", "target": "DriftScan", "az": 179.97802734375, "alt": 46.73583984375, "run_type": "Transit", "RA": -123.20922215640803, "dec": 2.146631726092983, "gLon": 9.894948832382571, "gLat": 41.11516804063827, "t_start": 1720575524.5887835, "run_time": 596.08864402771}