{"freq": 1420400000.0, "srate": 4166666.6666666665, "fft_size": 2048, "decimation_factor": 10000, "t_sample": 4.9152000000000005, "n_chans": 2, "run_mode": "doppler", "target": "DriftScan", "az": 179.9560546875, "alt": 46.73583984375, "run_type": "Transit", "RA": -74.29959505060123, "dec": 2.035511580474848, "gLon": 36.039920028455626, "gLat": -1.598000862579666, "t_start": 1720587227.5687184, "run_time": 596.0890302658081}