{"freq": 1420400000.0, "srate": 4166666.6666666665, "fft_size": 2048, "decimation_factor": 10000, "t_sample": 4.9152000000000005, "n_chans": 2, "run_mode": "doppler", "target": "DriftScan", "az": 179.97802734375, "alt": 46.73583984375, "run_type": "Transit", "RA": 87.8878742598407, "dec": 2.063469770557282, "gLon": 204.11384137079378, "gLat": -12.318879271433461, "t_start": 1720626050.0336196, "run_time": 595.0892262458801}