{"freq": 1420400000.0, "srate": 4166666.6666666665, "fft_size": 2048, "decimation_factor": 10000, "t_sample": 4.9152000000000005, "n_chans": 2, "run_mode": "doppler", "target": "DriftScan", "az": 179.97802734375, "alt": 46.73583984375, "run_type": "Transit", "RA": 172.946340009772, "dec": 2.2052615887483284, "gLon": 262.1222551465619, "gLat": 58.61663955596048, "t_start": 1720646407.555504, "run_time": 596.0884931087494}