{"freq": 1420400000.0, "srate": 4166666.6666666665, "fft_size": 2048, "decimation_factor": 10000, "t_sample": 4.9152000000000005, "n_chans": 2, "run_mode": "doppler", "target": "DriftScan", "az": 179.97802734375, "alt": 46.73583984375, "run_type": "Transit", "RA": 80.17077182069137, "dec": 2.0452794607556344, "gLon": 200.24686159861895, "gLat": -19.07451350962127, "t_start": 1720624203.2091792, "run_time": 595.0886743068695}