{"freq": 1420400000.0, "srate": 4166666.6666666665, "fft_size": 2048, "decimation_factor": 10000, "t_sample": 4.9152000000000005, "n_chans": 2, "run_mode": "doppler", "target": "DriftScan", "az": 179.97802734375, "alt": 46.73583984375, "run_type": "Transit", "RA": -58.87704967932632, "dec": 2.0017778255268697, "gLon": 43.3154152970079, "gLat": -15.237030069102563, "t_start": 1720590922.607682, "run_time": 596.0890736579895}