{"freq": 1420400000.0, "srate": 4166666.6666666665, "fft_size": 2048, "decimation_factor": 10000, "t_sample": 4.9152000000000005, "n_chans": 2, "run_mode": "doppler", "target": "DriftScan", "az": 179.9560546875, "alt": 46.73583984375, "run_type": "Transit", "RA": 38.997309073395535, "dec": 1.963442084197082, "gLon": 167.97539278756489, "gLat": -51.5253253604991, "t_start": 1720614344.3006713, "run_time": 596.0891687870026}