{"freq": 1420400000.0, "srate": 4166666.6666666665, "fft_size": 2048, "decimation_factor": 10000, "t_sample": 4.9152000000000005, "n_chans": 2, "run_mode": "doppler", "target": "DriftScan", "az": 179.97802734375, "alt": 46.73583984375, "run_type": "Transit", "RA": -100.0508515652349, "dec": 2.096132063251904, "gLon": 23.989854225277973, "gLat": 21.27900794110434, "t_start": 1720581068.208122, "run_time": 595.0890326499939}