{"freq": 1420400000.0, "srate": 4166666.6666666665, "fft_size": 2048, "decimation_factor": 10000, "t_sample": 4.9152000000000005, "n_chans": 2, "run_mode": "doppler", "target": "DriftScan", "az": 179.97802734375, "alt": 46.73583984375, "run_type": "Transit", "RA": -151.00978679444478, "dec": 2.1904256221393235, "gLon": 337.44874882756693, "gLat": 60.66297800576835, "t_start": 1720655035.2438731, "run_time": 595.0885980129242}