{"freq": 1420400000.0, "srate": 4166666.6666666665, "fft_size": 2048, "decimation_factor": 10000, "t_sample": 4.9152000000000005, "n_chans": 2, "run_mode": "doppler", "target": "DriftScan", "az": 179.97802734375, "alt": 46.73583984375, "run_type": "Transit", "RA": -158.7307350233665, "dec": 2.1979699477794674, "gLon": 322.2622499743312, "gLat": 63.8000434282223, "t_start": 1720653187.0795248, "run_time": 595.0884788036346}