{"freq": 1420400000.0, "srate": 4166666.6666666665, "fft_size": 2048, "decimation_factor": 10000, "t_sample": 4.9152000000000005, "n_chans": 2, "run_mode": "doppler", "target": "DriftScan", "az": 179.97802734375, "alt": 46.73583984375, "run_type": "Transit", "RA": -94.90362217876657, "dec": 2.084036140981049, "gLon": 26.537510202506603, "gLat": 16.73357803913558, "t_start": 1720582299.4436204, "run_time": 596.0888493061066}