{"freq": 1420400000.0, "srate": 4166666.6666666665, "fft_size": 2048, "decimation_factor": 10000, "t_sample": 4.9152000000000005, "n_chans": 2, "run_mode": "doppler", "target": "DriftScan", "az": 179.97802734375, "alt": 46.7138671875, "run_type": "Transit", "RA": -143.79827672305942, "dec": 2.1594513995628244, "gLon": 348.7471723186547, "gLat": 56.48569644687277, "t_start": 1720570596.4680068, "run_time": 596.088677406311}