{"freq": 1420400000.0, "srate": 4166666.6666666665, "fft_size": 2048, "decimation_factor": 10000, "t_sample": 4.9152000000000005, "n_chans": 2, "run_mode": "doppler", "target": "DriftScan", "az": 179.97802734375, "alt": 46.7578125, "run_type": "Transit", "RA": 15.822655426523214, "dec": 1.9609505776078007, "gLon": 129.00535397618444, "gLat": -60.77095178680109, "t_start": 1720608802.265968, "run_time": 595.089164018631}