{"freq": 1420400000.0, "srate": 4166666.6666666665, "fft_size": 2048, "decimation_factor": 10000, "t_sample": 4.9152000000000005, "n_chans": 2, "run_mode": "doppler", "target": "DriftScan", "az": 179.97802734375, "alt": 46.73583984375, "run_type": "Transit", "RA": -9.914574227285584, "dec": 1.9367122723974812, "gLon": 82.26251575688758, "gLat": -53.583640643977816, "t_start": 1720602641.3667924, "run_time": 596.089038848877}