{"freq": 1420400000.0, "srate": 4166666.6666666665, "fft_size": 2048, "decimation_factor": 10000, "t_sample": 4.9152000000000005, "n_chans": 2, "run_mode": "doppler", "target": "DriftScan", "az": 179.97802734375, "alt": 46.73583984375, "run_type": "Transit", "RA": 49.27726973500456, "dec": 1.9801666474904502, "gLon": 179.1133635270773, "gLat": -44.426871566117974, "t_start": 1720616809.239876, "run_time": 595.0897691249847}