{"freq": 1420400000.0, "srate": 4166666.6666666665, "fft_size": 2048, "decimation_factor": 10000, "t_sample": 4.9152000000000005, "n_chans": 2, "run_mode": "doppler", "target": "DriftScan", "az": 179.97802734375, "alt": 46.7138671875, "run_type": "Transit", "RA": -148.94555429318257, "dec": 2.166074243716002, "gLon": 340.94175832824544, "gLat": 59.55528925956046, "t_start": 1720569365.2050853, "run_time": 595.0887143611908}