{"freq": 1420400000.0, "srate": 4166666.6666666665, "fft_size": 2048, "decimation_factor": 10000, "t_sample": 4.9152000000000005, "n_chans": 2, "run_mode": "doppler", "target": "DriftScan", "az": 179.97802734375, "alt": 46.73583984375, "run_type": "Transit", "RA": -120.63560182489061, "dec": 2.141489855260059, "gLon": 11.78732331486073, "gLat": 38.98987416916247, "t_start": 1720576140.7445793, "run_time": 596.0886287689209}