{"freq": 1420400000.0, "srate": 4166666.6666666665, "fft_size": 2048, "decimation_factor": 10000, "t_sample": 4.9152000000000005, "n_chans": 2, "run_mode": "doppler", "target": "DriftScan", "az": 179.97802734375, "alt": 46.73583984375, "run_type": "Transit", "RA": -107.7675172765712, "dec": 2.113848044791098, "gLon": 19.882167241142252, "gLat": 28.02859976391035, "t_start": 1720579220.3602204, "run_time": 596.0888822078705}