{"freq": 1420400000.0, "srate": 4166666.6666666665, "fft_size": 2048, "decimation_factor": 10000, "t_sample": 4.9152000000000005, "n_chans": 2, "run_mode": "doppler", "target": "DriftScan", "az": 179.97802734375, "alt": 46.7578125, "run_type": "Transit", "RA": 51.846805759219926, "dec": 2.0068104487843645, "gLon": 181.42717123306332, "gLat": -42.48385823773619, "t_start": 1720617423.5167158, "run_time": 596.0893824100494}