{"freq": 1420400000.0, "srate": 4166666.6666666665, "fft_size": 2048, "decimation_factor": 10000, "t_sample": 4.9152000000000005, "n_chans": 2, "run_mode": "doppler", "target": "DriftScan", "az": 179.97802734375, "alt": 46.7138671875, "run_type": "Transit", "RA": -128.3565021861049, "dec": 2.13446206195494, "gLon": 5.7061769207371125, "gLat": 45.255967828678415, "t_start": 1720574292.601842, "run_time": 596.0885994434357}