{"freq": 1420400000.0, "srate": 4166666.6666666665, "fft_size": 2048, "decimation_factor": 10000, "t_sample": 4.9152000000000005, "n_chans": 2, "run_mode": "doppler", "target": "DriftScan", "az": 179.97802734375, "alt": 46.7578125, "run_type": "Transit", "RA": 18.396393714249818, "dec": 1.9626649847346467, "gLon": 134.19817873363465, "gLat": -60.423714277387816, "t_start": 1720609418.165881, "run_time": 595.0891056060791}