{"freq": 1420400000.0, "srate": 4166666.6666666665, "fft_size": 2048, "decimation_factor": 10000, "t_sample": 4.9152000000000005, "n_chans": 2, "run_mode": "doppler", "target": "DriftScan", "az": 179.97802734375, "alt": 46.73583984375, "run_type": "Transit", "RA": 157.50832444936458, "dec": 2.1954325229637215, "gLon": 243.20924127056435, "gLat": 47.972907497424416, "t_start": 1720642713.0308132, "run_time": 595.0886425971985}