{"freq": 1420400000.0, "srate": 4166666.6666666665, "fft_size": 2048, "decimation_factor": 10000, "t_sample": 4.9152000000000005, "n_chans": 2, "run_mode": "doppler", "target": "DriftScan", "az": 179.9560546875, "alt": 46.7138671875, "run_type": "Transit", "RA": -76.87325882737542, "dec": 2.019470186585748, "gLon": 34.8511381250323, "gLat": 0.6829604980029849, "t_start": 1720586611.3772538, "run_time": 596.088944196701}