{"freq": 1420400000.0, "srate": 4166666.6666666665, "fft_size": 2048, "decimation_factor": 10000, "t_sample": 4.9152000000000005, "n_chans": 2, "run_mode": "doppler", "target": "DriftScan", "az": 179.97802734375, "alt": 46.73583984375, "run_type": "Transit", "RA": -163.88222757011783, "dec": 2.2017241651033332, "gLon": 310.6201328299603, "gLat": 64.87874199465786, "t_start": 1720651954.2450526, "run_time": 595.0884268283844}