{"freq": 1420400000.0, "srate": 4166666.6666666665, "fft_size": 2048, "decimation_factor": 10000, "t_sample": 4.9152000000000005, "n_chans": 2, "run_mode": "doppler", "target": "DriftScan", "az": 179.97802734375, "alt": 46.73583984375, "run_type": "Transit", "RA": 28.687221754841996, "dec": 1.9501073703227634, "gLon": 153.112049591943, "gLat": -57.16467312408004, "t_start": 1720611880.3448846, "run_time": 596.089380979538}