{"freq": 1420400000.0, "srate": 4166666.6666666665, "fft_size": 2048, "decimation_factor": 10000, "t_sample": 4.9152000000000005, "n_chans": 2, "run_mode": "doppler", "target": "DriftScan", "az": 179.9560546875, "alt": 46.73583984375, "run_type": "Transit", "RA": -43.42007408730467, "dec": 1.9729443670225586, "gLon": 51.77147128526264, "gLat": -28.559936515339054, "t_start": 1720594618.6752317, "run_time": 596.0888693332672}