{"freq": 1420400000.0, "srate": 4166666.6666666665, "fft_size": 2048, "decimation_factor": 10000, "t_sample": 4.9152000000000005, "n_chans": 2, "run_mode": "doppler", "target": "DriftScan", "az": 179.97802734375, "alt": 46.73583984375, "run_type": "Transit", "RA": -156.15708252279575, "dec": 2.195706199173905, "gLon": 327.66996365100016, "gLat": 62.937926694770475, "t_start": 1720653803.0430155, "run_time": 595.0885426998138}