{"freq": 1420400000.0, "srate": 4166666.6666666665, "fft_size": 2048, "decimation_factor": 10000, "t_sample": 4.9152000000000005, "n_chans": 2, "run_mode": "doppler", "target": "DriftScan", "az": 179.97802734375, "alt": 46.73583984375, "run_type": "Transit", "RA": 144.6397505889852, "dec": 2.1802963138171374, "gLon": 232.83096401143817, "gLat": 37.58196216410505, "t_start": 1720639632.573118, "run_time": 596.0887131690979}