{"freq": 1420400000.0, "srate": 4166666.6666666665, "fft_size": 2048, "decimation_factor": 10000, "t_sample": 4.9152000000000005, "n_chans": 2, "run_mode": "doppler", "target": "DriftScan", "az": 179.9560546875, "alt": 46.7578125, "run_type": "Transit", "RA": 33.84975872722717, "dec": 1.9783120350850172, "gLon": 161.054740592194, "gLat": -54.55703670020651, "t_start": 1720613113.1457005, "run_time": 595.0890820026398}