{"freq": 1420400000.0, "srate": 4166666.6666666665, "fft_size": 2048, "decimation_factor": 10000, "t_sample": 4.9152000000000005, "n_chans": 2, "run_mode": "doppler", "target": "DriftScan", "az": 179.97802734375, "alt": 46.73583984375, "run_type": "Transit", "RA": -102.62446597313385, "dec": 2.1021083746908826, "gLon": 22.664234857608914, "gLat": 23.540216700403267, "t_start": 1720580451.4448235, "run_time": 596.0888888835907}