{"freq": 1420400000.0, "srate": 4166666.6666666665, "fft_size": 2048, "decimation_factor": 10000, "t_sample": 4.9152000000000005, "n_chans": 2, "run_mode": "doppler", "target": "DriftScan", "az": 179.97802734375, "alt": 46.73583984375, "run_type": "Transit", "RA": -112.91474838848109, "dec": 2.1252473380844865, "gLon": 16.873631291993412, "gLat": 32.46827135033433, "t_start": 1720577988.6147711, "run_time": 596.0888457298279}