{"freq": 1420400000.0, "srate": 4166666.6666666665, "fft_size": 2048, "decimation_factor": 10000, "t_sample": 4.9152000000000005, "n_chans": 2, "run_mode": "doppler", "target": "DriftScan", "az": 179.97802734375, "alt": 46.73583984375, "run_type": "Transit", "RA": -12.488281227422306, "dec": 1.937986281867425, "gLon": 78.859284789615, "gLat": -52.038563642074244, "t_start": 1720602025.493042, "run_time": 596.0888667106628}