{"freq": 1420400000.0, "srate": 4166666.6666666665, "fft_size": 2048, "decimation_factor": 10000, "t_sample": 4.9152000000000005, "n_chans": 2, "run_mode": "doppler", "target": "DriftScan", "az": 179.97802734375, "alt": 46.7138671875, "run_type": "Transit", "RA": -146.37191395424605, "dec": 2.1628782081771205, "gLon": 345.00986248915456, "gLat": 58.07845446498266, "t_start": 1720569981.118547, "run_time": 595.0885970592499}