{"freq": 1420400000.0, "srate": 4166666.6666666665, "fft_size": 2048, "decimation_factor": 10000, "t_sample": 4.9152000000000005, "n_chans": 2, "run_mode": "doppler", "target": "DriftScan", "az": 179.97802734375, "alt": 46.73583984375, "run_type": "Transit", "RA": -30.56262015062225, "dec": 1.9542482381659207, "gLon": 60.67612843523899, "gLat": -39.085634329764154, "t_start": 1720597699.381198, "run_time": 596.0891289710999}