{"freq": 1420400000.0, "srate": 4166666.6666666665, "fft_size": 2048, "decimation_factor": 10000, "t_sample": 4.9152000000000005, "n_chans": 2, "run_mode": "doppler", "target": "DriftScan", "az": 179.9560546875, "alt": 46.73583984375, "run_type": "Transit", "RA": 149.80226159736958, "dec": 2.1870868449900573, "gLon": 236.5959454419277, "gLat": 41.85266581012098, "t_start": 1720640864.3964741, "run_time": 596.0886695384979}