{"freq": 1420400000.0, "srate": 4166666.6666666665, "fft_size": 2048, "decimation_factor": 10000, "t_sample": 4.9152000000000005, "n_chans": 2, "run_mode": "doppler", "target": "DriftScan", "az": 179.97802734375, "alt": 46.7138671875, "run_type": "Transit", "RA": -138.6468317244012, "dec": 2.151927106858424, "gLon": 355.33787134181483, "gLat": 53.01126621035294, "t_start": 1720571829.328537, "run_time": 596.0885615348816}