{"freq": 1420400000.0, "srate": 4166666.6666666665, "fft_size": 2048, "decimation_factor": 10000, "t_sample": 4.9152000000000005, "n_chans": 2, "run_mode": "doppler", "target": "DriftScan", "az": 179.97802734375, "alt": 46.73583984375, "run_type": "Transit", "RA": 152.36090305519804, "dec": 2.19009565151075, "gLon": 238.64303421714186, "gLat": 43.92353191795017, "t_start": 1720641480.539565, "run_time": 596.0885963439941}