{"freq": 1420400000.0, "srate": 4166666.6666666665, "fft_size": 2048, "decimation_factor": 10000, "t_sample": 4.9152000000000005, "n_chans": 2, "run_mode": "doppler", "target": "DriftScan", "az": 179.9560546875, "alt": 46.73583984375, "run_type": "Transit", "RA": -105.18300765778321, "dec": 2.1079924888495047, "gLon": 21.30453809708279, "gLat": 25.778679977307732, "t_start": 1720579835.6199317, "run_time": 596.0888056755066}