{"freq": 1420400000.0, "srate": 4166666.6666666665, "fft_size": 2048, "decimation_factor": 10000, "t_sample": 4.9152000000000005, "n_chans": 2, "run_mode": "doppler", "target": "DriftScan", "az": 179.97802734375, "alt": 46.7578125, "run_type": "Transit", "RA": -46.008773818148995, "dec": 1.9993126561363008, "gLon": 50.24456054101201, "gLat": -26.3556960715921, "t_start": 1720594002.5197856, "run_time": 596.0890049934387}