{"freq": 1420400000.0, "srate": 4166666.6666666665, "fft_size": 2048, "decimation_factor": 10000, "t_sample": 4.9152000000000005, "n_chans": 2, "run_mode": "doppler", "target": "DriftScan", "az": 179.97802734375, "alt": 46.73583984375, "run_type": "Transit", "RA": 124.04572633587425, "dec": 2.145012783173113, "gLon": 220.95702142350726, "gLat": 19.78453290698298, "t_start": 1720634703.663927, "run_time": 596.0889840126038}