{"freq": 1420400000.0, "srate": 4166666.6666666665, "fft_size": 2048, "decimation_factor": 10000, "t_sample": 4.9152000000000005, "n_chans": 2, "run_mode": "doppler", "target": "DriftScan", "az": 179.97802734375, "alt": 46.73583984375, "run_type": "Transit", "RA": 126.61946469436417, "dec": 2.1500504170645938, "gLon": 222.25809008905551, "gLat": 22.051278611390657, "t_start": 1720635319.3435416, "run_time": 596.0888965129852}