{"freq": 1420400000.0, "srate": 4166666.6666666665, "fft_size": 2048, "decimation_factor": 10000, "t_sample": 4.9152000000000005, "n_chans": 2, "run_mode": "doppler", "target": "DriftScan", "az": 179.97802734375, "alt": 46.73583984375, "run_type": "Transit", "RA": 105.90416252619363, "dec": 2.105853500415416, "gLon": 212.44388650721532, "gLat": 3.669153072418126, "t_start": 1720630361.725383, "run_time": 596.0889549255371}