{"freq": 1420400000.0, "srate": 4166666.6666666665, "fft_size": 2048, "decimation_factor": 10000, "t_sample": 4.9152000000000005, "n_chans": 2, "run_mode": "doppler", "target": "DriftScan", "az": 179.97802734375, "alt": 46.73583984375, "run_type": "Transit", "RA": 129.1932010370779, "dec": 2.154927422277068, "gLon": 223.5974419136773, "gLat": 24.30941779740769, "t_start": 1720635936.1474502, "run_time": 595.0890505313873}