{"freq": 1420400000.0, "srate": 4166666.6666666665, "fft_size": 2048, "decimation_factor": 10000, "t_sample": 4.9152000000000005, "n_chans": 2, "run_mode": "doppler", "target": "DriftScan", "az": 179.97802734375, "alt": 46.73583984375, "run_type": "Transit", "RA": 59.57649442459396, "dec": 1.9998346986176552, "gLon": 187.6584868847606, "gLat": -36.433818224146655, "t_start": 1720619274.2055655, "run_time": 595.0892915725708}