{"freq": 1420400000.0, "srate": 4166666.6666666665, "fft_size": 2048, "decimation_factor": 10000, "t_sample": 4.9152000000000005, "n_chans": 2, "run_mode": "doppler", "target": "DriftScan", "az": 179.97802734375, "alt": 46.73583984375, "run_type": "Transit", "RA": 95.60496918415983, "dec": 2.0817861722249726, "gLon": 207.75181174887047, "gLat": -5.4943060375033355, "t_start": 1720627896.5229726, "run_time": 596.0888593196869}