{"freq": 1420400000.0, "srate": 4166666.6666666665, "fft_size": 2048, "decimation_factor": 10000, "t_sample": 4.9152000000000005, "n_chans": 2, "run_mode": "doppler", "target": "DriftScan", "az": 179.97802734375, "alt": 46.73583984375, "run_type": "Transit", "RA": 82.74035453267517, "dec": 2.0513018822223463, "gLon": 201.56759532829514, "gLat": -16.834859937023868, "t_start": 1720624817.4626918, "run_time": 596.0890064239502}