{"freq": 1420400000.0, "srate": 4166666.6666666665, "fft_size": 2048, "decimation_factor": 10000, "t_sample": 4.9152000000000005, "n_chans": 2, "run_mode": "doppler", "target": "DriftScan", "az": 179.97802734375, "alt": 46.7578125, "run_type": "Transit", "RA": 13.248919652115571, "dec": 1.9595014384257174, "gLon": 123.7324818989923, "gLat": -60.909827138442694, "t_start": 1720608185.2963324, "run_time": 596.0890412330627}