{"freq": 1420400000.0, "srate": 4166666.6666666665, "fft_size": 2048, "decimation_factor": 10000, "t_sample": 4.9152000000000005, "n_chans": 2, "run_mode": "doppler", "target": "DriftScan", "az": 179.97802734375, "alt": 46.73583984375, "run_type": "Transit", "RA": 116.32867803592984, "dec": 2.1290481865778474, "gLon": 217.23194491380013, "gLat": 12.949677507396029, "t_start": 1720632856.451459, "run_time": 596.0891153812408}