{"freq": 1420400000.0, "srate": 4166666.6666666665, "fft_size": 2048, "decimation_factor": 10000, "t_sample": 4.9152000000000005, "n_chans": 2, "run_mode": "doppler", "target": "DriftScan", "az": 179.97802734375, "alt": 46.7138671875, "run_type": "Transit", "RA": -164.38745233489175, "dec": 2.1800773904811583, "gLon": 309.43177480279815, "gLat": 64.91275803176138, "t_start": 1720565668.2995718, "run_time": 596.0875883102417}