{"freq": 1420400000.0, "srate": 4166666.6666666665, "fft_size": 2048, "decimation_factor": 10000, "t_sample": 4.9152000000000005, "n_chans": 2, "run_mode": "doppler", "target": "DriftScan", "az": 179.97802734375, "alt": 46.73583984375, "run_type": "Transit", "RA": 118.90242200362245, "dec": 2.1345053388947237, "gLon": 218.44990561615376, "gLat": 15.234356142641925, "t_start": 1720633472.347077, "run_time": 596.0888648033142}