{"freq": 1420400000.0, "srate": 4166666.6666666665, "fft_size": 2048, "decimation_factor": 10000, "t_sample": 4.9152000000000005, "n_chans": 2, "run_mode": "doppler", "target": "DriftScan", "az": 179.9560546875, "alt": 46.73583984375, "run_type": "Transit", "RA": -87.16770085765626, "dec": 2.0656877528573565, "gLon": 30.182307203597432, "gLat": 9.863175727551386, "t_start": 1720584147.3549426, "run_time": 596.0889887809753}