{"freq": 1420400000.0, "srate": 4166666.6666666665, "fft_size": 2048, "decimation_factor": 10000, "t_sample": 4.9152000000000005, "n_chans": 2, "run_mode": "doppler", "target": "DriftScan", "az": 179.9560546875, "alt": 46.73583984375, "run_type": "Transit", "RA": 44.144824187720424, "dec": 1.9714214338897211, "gLon": 173.94569728309256, "gLat": -48.11101711798242, "t_start": 1720615576.512805, "run_time": 596.0895912647247}