{"freq": 1420400000.0, "srate": 4166666.6666666665, "fft_size": 2048, "decimation_factor": 10000, "t_sample": 4.9152000000000005, "n_chans": 2, "run_mode": "doppler", "target": "DriftScan", "az": 179.97802734375, "alt": 46.73583984375, "run_type": "Transit", "RA": 170.37264872229454, "dec": 2.2042881252195508, "gLon": 258.27340636691554, "gLat": 57.06099248407275, "t_start": 1720645792.3042574, "run_time": 595.0886523723602}