{"freq": 1420400000.0, "srate": 4166666.6666666665, "fft_size": 2048, "decimation_factor": 10000, "t_sample": 4.9152000000000005, "n_chans": 2, "run_mode": "doppler", "target": "DriftScan", "az": 179.9560546875, "alt": 46.7578125, "run_type": "Transit", "RA": 10.686075934079179, "dec": 1.9583310127739872, "gLon": 118.47080280107835, "gLat": -60.838093684686875, "t_start": 1720607568.63573, "run_time": 596.0890758037567}