{"freq": 1420400000.0, "srate": 4166666.6666666665, "fft_size": 2048, "decimation_factor": 10000, "t_sample": 4.9152000000000005, "n_chans": 2, "run_mode": "doppler", "target": "DriftScan", "az": 179.97802734375, "alt": 46.73583984375, "run_type": "Transit", "RA": -48.582461393845165, "dec": 1.981879723425368, "gLon": 48.74621096527921, "gLat": -24.169281941685146, "t_start": 1720593386.5290918, "run_time": 596.0889029502869}