{"freq": 1420400000.0, "srate": 4166666.6666666665, "fft_size": 2048, "decimation_factor": 10000, "t_sample": 4.9152000000000005, "n_chans": 2, "run_mode": "doppler", "target": "DriftScan", "az": 179.97802734375, "alt": 46.73583984375, "run_type": "Transit", "RA": 160.08203088054043, "dec": 2.1977252728352785, "gLon": 245.75685362665718, "gLat": 49.9265396757029, "t_start": 1720643328.4592147, "run_time": 596.0887355804443}