{"freq": 1420400000.0, "srate": 4166666.6666666665, "fft_size": 2048, "decimation_factor": 10000, "t_sample": 4.9152000000000005, "n_chans": 2, "run_mode": "doppler", "target": "DriftScan", "az": 179.9560546875, "alt": 46.73583984375, "run_type": "Transit", "RA": -110.32605969104836, "dec": 2.1195699654357028, "gLon": 18.418627003448282, "gLat": 30.242975608971, "t_start": 1720578604.4506252, "run_time": 596.0888500213623}