{"freq": 1420400000.0, "srate": 4166666.6666666665, "fft_size": 2048, "decimation_factor": 10000, "t_sample": 4.9152000000000005, "n_chans": 2, "run_mode": "doppler", "target": "DriftScan", "az": 179.97802734375, "alt": 46.73583984375, "run_type": "Transit", "RA": 26.109294394942804, "dec": 1.9473678626171664, "gLon": 148.73245124371527, "gLat": -58.24445598477391, "t_start": 1720611265.0205698, "run_time": 595.0890555381775}