{"freq": 1420400000.0, "srate": 4166666.6666666665, "fft_size": 2048, "decimation_factor": 10000, "t_sample": 4.9152000000000005, "n_chans": 2, "run_mode": "doppler", "target": "DriftScan", "az": 179.9560546875, "alt": 46.73583984375, "run_type": "Transit", "RA": -84.59408270922927, "dec": 2.059584231211374, "gLon": 31.36372740711556, "gLat": 7.5715672887848555, "t_start": 1720584764.213006, "run_time": 595.0889883041382}