{"freq": 1420400000.0, "srate": 4166666.6666666665, "fft_size": 2048, "decimation_factor": 10000, "t_sample": 4.9152000000000005, "n_chans": 2, "run_mode": "doppler", "target": "galactic_scan", "az": 167.76123046875, "alt": 30.7177734375, "run_type": "Transit", "RA": -84.01852370387996, "dec": -13.162071302914804, "gLon": 18.10926323756819, "gLat": -0.002815839613064424, "t_start": 1722133284.151922, "run_time": 180.16873860359192, "vlsr": 0.33500706428069904}