{"freq": 1420400000.0, "srate": 4166666.6666666665, "fft_size": 2048, "decimation_factor": 10000, "t_sample": 4.9152000000000005, "n_chans": 2, "run_mode": "doppler", "target": "galactic_scan", "az": 66.8408203125, "alt": 44.05517578125, "run_type": "Transit", "RA": -47.525851819875015, "dec": 43.795055542968704, "gLon": 84.06389826239935, "gLat": -0.10766464850783145, "t_start": 1722128654.1697242, "run_time": 180.17084503173828, "vlsr": 24.523459005862648}