{"freq": 1420400000.0, "srate": 4166666.6666666665, "fft_size": 2048, "decimation_factor": 10000, "t_sample": 4.9152000000000005, "n_chans": 2, "run_mode": "doppler", "target": "galactic_scan", "az": 122.67333984375, "alt": 48.22998046875, "run_type": "Transit", "RA": -68.66956495846375, "dec": 16.072285511209, "gLon": 51.0476707014856, "gLat": 0.014956408435280693, "t_start": 1722130974.010734, "run_time": 180.17121005058289, "vlsr": 14.804510827323073}