{"freq": 1420400000.0, "srate": 4166666.6666666665, "fft_size": 2048, "decimation_factor": 10000, "t_sample": 4.9152000000000005, "n_chans": 2, "run_mode": "doppler", "target": "galactic_scan", "az": 85.93505859375, "alt": 47.96630859375, "run_type": "Transit", "RA": -56.68650809569846, "dec": 34.095774745186056, "gLon": 72.04578341495031, "gLat": -0.11083581593680433, "t_start": 1722129494.1715362, "run_time": 180.16965985298157, "vlsr": 21.802793426267147}