{"freq": 1420400000.0, "srate": 4166666.6666666665, "fft_size": 2048, "decimation_factor": 10000, "t_sample": 4.9152000000000005, "n_chans": 2, "run_mode": "doppler", "target": "galactic_scan", "az": 76.0693359375, "alt": 46.29638671875, "run_type": "Transit", "RA": -52.42839777525353, "dec": 39.04898707432192, "gLon": 78.06304268300129, "gLat": -0.09671017712880275, "t_start": 1722129073.3235993, "run_time": 180.16848492622375, "vlsr": 23.290997785338444}