{"freq": 1420400000.0, "srate": 4166666.6666666665, "fft_size": 2048, "decimation_factor": 10000, "t_sample": 4.9152000000000005, "n_chans": 2, "run_mode": "doppler", "target": "galactic_scan", "az": 137.3291015625, "alt": 45.28564453125, "run_type": "Transit", "RA": -72.95682453248958, "dec": 8.110241638611674, "gLon": 42.051252175482055, "gLat": 0.002877162703990333, "t_start": 1722131607.229521, "run_time": 180.1739580631256, "vlsr": 11.14925755048333}