{"freq": 1420400000.0, "srate": 4166666.6666666665, "fft_size": 2048, "decimation_factor": 10000, "t_sample": 4.9152000000000005, "n_chans": 2, "run_mode": "doppler", "target": "galactic_scan", "az": 91.03271484375, "alt": 48.5595703125, "run_type": "Transit", "RA": -58.62054440039009, "dec": 31.58483189920242, "gLon": 69.05508230447414, "gLat": -0.11396169591299046, "t_start": 1722129705.000182, "run_time": 180.16918563842773, "vlsr": 20.97104532731194}