{"freq": 1420400000.0, "srate": 4166666.6666666665, "fft_size": 2048, "decimation_factor": 10000, "t_sample": 4.9152000000000005, "n_chans": 2, "run_mode": "doppler", "target": "galactic_scan", "az": 106.9189453125, "alt": 49.1748046875, "run_type": "Transit", "RA": -63.86314433478117, "dec": 23.79882096541933, "gLon": 59.99393740075667, "gLat": -0.17288908593219107, "t_start": 1722130339.2174168, "run_time": 180.168607711792, "vlsr": 18.12157426464139}