{"freq": 1420400000.0, "srate": 4166666.6666666665, "fft_size": 2048, "decimation_factor": 10000, "t_sample": 4.9152000000000005, "n_chans": 2, "run_mode": "doppler", "target": "galactic_scan", "az": 96.2841796875, "alt": 48.955078125, "run_type": "Transit", "RA": -60.45159105835421, "dec": 29.005066839445504, "gLon": 66.02964778318176, "gLat": -0.13900745492454505, "t_start": 1722129916.1229632, "run_time": 180.17081093788147, "vlsr": 20.07618958125002}