{"freq": 1420400000.0, "srate": 4166666.6666666665, "fft_size": 2048, "decimation_factor": 10000, "t_sample": 4.9152000000000005, "n_chans": 2, "run_mode": "doppler", "target": "galactic_scan", "az": 150.2490234375, "alt": 40.8251953125, "run_type": "Transit", "RA": -77.09275705413143, "dec": 0.14743081954941858, "gLon": 33.08491077816617, "gLat": 0.02471768120789966, "t_start": 1722132236.8952627, "run_time": 180.1724455356598, "vlsr": 7.223304767567969}