{"freq": 1420400000.0, "srate": 4166666.6666666665, "fft_size": 2048, "decimation_factor": 10000, "t_sample": 4.9152000000000005, "n_chans": 2, "run_mode": "doppler", "target": "galactic_scan", "az": 80.92529296875, "alt": 47.197265625, "run_type": "Transit", "RA": -54.61345323472523, "dec": 36.58961881048717, "gLon": 75.05868041877329, "gLat": -0.11302417321057831, "t_start": 1722129283.437971, "run_time": 180.17310643196106, "vlsr": 22.581430422000672}