{"freq": 1420400000.0, "srate": 4166666.6666666665, "fft_size": 2048, "decimation_factor": 10000, "t_sample": 4.9152000000000005, "n_chans": 2, "run_mode": "doppler", "target": "galactic_scan", "az": 71.3671875, "alt": 45.263671875, "run_type": "Transit", "RA": -50.0964197758222, "dec": 41.46567783265584, "gLon": 81.06393976300838, "gLat": -0.07396383690969043, "t_start": 1722128863.4651382, "run_time": 180.175518989563, "vlsr": 23.933880432467536}