{"freq": 1420400000.0, "srate": 4166666.6666666665, "fft_size": 2048, "decimation_factor": 10000, "t_sample": 4.9152000000000005, "n_chans": 2, "run_mode": "doppler", "target": "galactic_scan", "az": 141.83349609375, "alt": 43.96728515625, "run_type": "Transit", "RA": -74.34513000847454, "dec": 5.470530669141797, "gLon": 39.07333020775038, "gLat": 0.015134846681819079, "t_start": 1722131817.6422617, "run_time": 180.1741783618927, "vlsr": 9.869969986092833}