{"freq": 1420400000.0, "srate": 4166666.6666666665, "fft_size": 2048, "decimation_factor": 10000, "t_sample": 4.9152000000000005, "n_chans": 2, "run_mode": "doppler", "target": "galactic_scan", "az": 178.8134765625, "alt": 20.93994140625, "run_type": "Transit", "RA": -90.08235606555752, "dec": -23.740204365936535, "gLon": 6.073840760007676, "gLat": -0.06405306604295478, "t_start": 1722134132.868999, "run_time": 180.17216229438782, "vlsr": -5.229952314926365}