{"freq": 1420400000.0, "srate": 4166666.6666666665, "fft_size": 2048, "decimation_factor": 10000, "t_sample": 4.9152000000000005, "n_chans": 2, "run_mode": "doppler", "target": "galactic_scan", "az": 173.583984375, "alt": 25.94970703125, "run_type": "Transit", "RA": -86.97090282292186, "dec": -18.49883498344416, "gLon": 12.06437664744904, "gLat": -0.03315898693068949, "t_start": 1722133707.5342164, "run_time": 180.16853761672974, "vlsr": -2.4739867316485444}