{"freq": 1420400000.0, "srate": 4166666.6666666665, "fft_size": 2048, "decimation_factor": 10000, "t_sample": 4.9152000000000005, "n_chans": 2, "run_mode": "doppler", "target": "galactic_scan", "az": 161.30126953125, "alt": 35.04638671875, "run_type": "Transit", "RA": -81.18521656238335, "dec": -7.884858073621279, "gLon": 24.076036753584102, "gLat": -0.021291521364881435, "t_start": 1722132863.9785101, "run_time": 180.1684935092926, "vlsr": 3.1157478606926574}