{"freq": 1420400000.0, "srate": 4166666.6666666665, "fft_size": 2048, "decimation_factor": 10000, "t_sample": 4.9152000000000005, "n_chans": 2, "run_mode": "doppler", "target": "galactic_scan", "az": 58.18359375, "alt": 41.41845703125, "run_type": "Transit", "RA": -41.81990791781271, "dec": 48.35065218735522, "gLon": 90.09547275055333, "gLat": -0.07047592386884254, "t_start": 1722128236.5947769, "run_time": 180.17161083221436, "vlsr": 25.478331625311398}