{"freq": 1420400000.0, "srate": 4166666.6666666665, "fft_size": 2048, "decimation_factor": 10000, "t_sample": 4.9152000000000005, "n_chans": 2, "run_mode": "doppler", "target": "galactic_scan", "az": 176.24267578125, "alt": 23.48876953125, "run_type": "Transit", "RA": -88.48103864449405, "dec": -21.114111602668455, "gLon": 9.088260418026008, "gLat": -0.05727944883285301, "t_start": 1722133919.9517114, "run_time": 180.17111706733704, "vlsr": -3.846532778327308}