{"freq": 1420400000.0, "srate": 4166666.6666666665, "fft_size": 2048, "decimation_factor": 10000, "t_sample": 4.9152000000000005, "n_chans": 2, "run_mode": "doppler", "target": "galactic_scan", "az": 154.13818359375, "alt": 39.00146484375, "run_type": "Transit", "RA": -78.44683283879453, "dec": -2.551226876134066, "gLon": 30.065898135537964, "gLat": -0.0015837888179154663, "t_start": 1722132445.7338014, "run_time": 180.17313528060913, "vlsr": 5.864324410106494}