{"freq": 1420400000.0, "srate": 4166666.6666666665, "fft_size": 2048, "decimation_factor": 10000, "t_sample": 4.9152000000000005, "n_chans": 2, "run_mode": "doppler", "target": "galactic_scan", "az": 183.58154296875, "alt": 15.6884765625, "run_type": "Transit", "RA": -93.46592279244072, "dec": -28.920453197312323, "gLon": 0.07223418339055997, "gLat": -0.0882779451950128, "t_start": 1722134559.4361658, "run_time": 180.16852378845215, "vlsr": -7.934203208280151}