{"freq": 1420400000.0, "srate": 4166666.6666666665, "fft_size": 2048, "decimation_factor": 10000, "t_sample": 4.9152000000000005, "n_chans": 2, "run_mode": "doppler", "target": "galactic_scan", "az": 146.14013671875, "alt": 42.4951171875, "run_type": "Transit", "RA": -75.7260546842333, "dec": 2.833330571477638, "gLon": 36.0982541891117, "gLat": 0.034235599646507096, "t_start": 1722132027.4616356, "run_time": 180.17334008216858, "vlsr": 8.563505365056947}