{"freq": 1420400000.0, "srate": 4166666.6666666665, "fft_size": 2048, "decimation_factor": 10000, "t_sample": 4.9152000000000005, "n_chans": 2, "run_mode": "doppler", "target": "galactic_scan", "az": 127.72705078125, "alt": 47.4609375, "run_type": "Transit", "RA": -70.14412889092512, "dec": 13.442077921314274, "gLon": 48.05592932718134, "gLat": 0.03220840915735017, "t_start": 1722131185.3909647, "run_time": 180.1735601425171, "vlsr": 13.62046888387422}