{"freq": 1420400000.0, "srate": 4166666.6666666665, "fft_size": 2048, "decimation_factor": 10000, "t_sample": 4.9152000000000005, "n_chans": 2, "run_mode": "doppler", "target": "galactic_scan", "az": 132.60498046875, "alt": 46.4501953125, "run_type": "Transit", "RA": -71.54688625331511, "dec": 10.77134606233065, "gLon": 45.05383919582385, "gLat": -0.00011030497927522086, "t_start": 1722131396.3278968, "run_time": 180.17037630081177, "vlsr": 12.406211385503694}