{"freq": 1420400000.0, "srate": 4166666.6666666665, "fft_size": 2048, "decimation_factor": 10000, "t_sample": 4.9152000000000005, "n_chans": 2, "run_mode": "doppler", "target": "galactic_scan", "az": 62.42431640625, "alt": 42.802734375, "run_type": "Transit", "RA": -44.812982737880134, "dec": 46.12370084008376, "gLon": 87.08112771479371, "gLat": -0.06747064848182902, "t_start": 1722128444.8814015, "vlsr": 25.03107511597858}