{"freq": 1420400000.0, "srate": 4166666.6666666665, "fft_size": 2048, "decimation_factor": 10000, "t_sample": 4.9152000000000005, "n_chans": 2, "run_mode": "doppler", "target": "galactic_scan", "az": 117.48779296875, "alt": 48.8232421875, "run_type": "Transit", "RA": -67.17161984915913, "dec": 18.71538216503585, "gLon": 54.05245851479782, "gLat": 0.022216781897675255, "t_start": 1722130762.6064484, "run_time": 180.17202019691467, "vlsr": 15.947041122318709}