{"freq": 1420400000.0, "srate": 4166666.6666666665, "fft_size": 2048, "decimation_factor": 10000, "t_sample": 4.9152000000000005, "n_chans": 2, "run_mode": "doppler", "target": "galactic_scan", "az": 112.21435546875, "alt": 49.1748046875, "run_type": "Transit", "RA": -65.60065609418285, "dec": 21.319132850953494, "gLon": 57.04528599587938, "gLat": -0.004576701294415146, "t_start": 1722130550.6388927, "run_time": 180.16944479942322, "vlsr": 17.04896961404016}