{"freq": 1420400000.0, "srate": 4166666.6666666665, "fft_size": 2048, "decimation_factor": 10000, "t_sample": 4.9152000000000005, "n_chans": 2, "run_mode": "doppler", "target": "galactic_scan", "az": 181.25244140625, "alt": 18.34716796875, "run_type": "Transit", "RA": -91.73357447097897, "dec": -26.333836099467874, "gLon": 3.0797874302175665, "gLat": -0.07507626882157196, "t_start": 1722134346.1601026, "run_time": 180.1689670085907, "vlsr": -6.588489976093701}