{"freq": 1420400000.0, "srate": 4166666.6666666665, "fft_size": 2048, "decimation_factor": 10000, "t_sample": 4.9152000000000005, "n_chans": 2, "run_mode": "doppler", "target": "galactic_scan", "az": 157.82958984375, "alt": 37.11181640625, "run_type": "Transit", "RA": -79.82829658921287, "dec": -5.192491239212323, "gLon": 27.08674841756293, "gLat": 0.01694692596942327, "t_start": 1722132654.123317, "run_time": 180.1715748310089, "vlsr": 4.496871078487674}