{"freq": 1420400000.0, "srate": 4166666.6666666665, "fft_size": 2048, "decimation_factor": 10000, "t_sample": 4.9152000000000005, "n_chans": 2, "run_mode": "doppler", "target": "galactic_scan", "az": 170.74951171875, "alt": 28.36669921875, "run_type": "Transit", "RA": -85.47633052446099, "dec": -15.842049483545244, "gLon": 15.0804889866879, "gLat": -0.02018593067399099, "t_start": 1722133495.5863082, "run_time": 180.17314863204956, "vlsr": -1.0734638836461468}