{"freq": 1420400000.0, "srate": 4166666.6666666665, "fft_size": 2048, "decimation_factor": 10000, "t_sample": 4.9152000000000005, "n_chans": 2, "run_mode": "doppler", "target": "galactic_scan", "az": 101.6015625, "alt": 49.1748046875, "run_type": "Transit", "RA": -62.21289740201138, "dec": 26.411437548713902, "gLon": 63.00348456341438, "gLat": -0.14337331330749534, "t_start": 1722130127.6738446, "run_time": 180.17582297325134, "vlsr": 19.119987296279746}