{"freq": 1420400000.0, "srate": 4166666.6666666665, "fft_size": 2048, "decimation_factor": 10000, "t_sample": 4.9152000000000005, "n_chans": 2, "run_mode": "doppler", "target": "galactic_scan", "az": 164.619140625, "alt": 32.9150390625, "run_type": "Transit", "RA": -82.59016400862214, "dec": -10.541368508483934, "gLon": 21.07938105113886, "gLat": -0.01854484479972569, "t_start": 1722133073.8127658, "run_time": 180.1675899028778, "vlsr": 1.723058549406522}